,N_Hidden,Step,N_Iter,Accuracy,Kappa,F1
0,4,0.30000000000000004,90,0.7792207792207793,0.5067822155237377,0.673076923076923
