,maxf,n_trees,Accuracy,Kappa,F1
0,4,1100,0.7272727272727273,0.4011111111111111,0.6111111111111112
