,Step,N_Iter,Accuracy,Kappa,F1
0,0.7000000000000001,100,0.6623376623376623,0.3664556962025317,0.6486486486486487
