,cost,kernel,Accuracy,Kappa,F1
0,3,linear,0.7857142857142857,0.49732937685459944,0.6451612903225806
