,Step,N_Iter,Accuracy,Kappa,F1
0,0.7000000000000001,20,0.7077922077922078,0.4155844155844156,0.6564885496183205
