,N_Hidden,Step,N_Iter,Accuracy,Kappa,F1
0,5,0.9000000000000001,70,0.7532467532467533,0.4534927157265596,0.6415094339622641
