,maxf,n_trees,Accuracy,Kappa,F1
0,4,460,0.7272727272727273,0.40616966580976865,0.6181818181818182
